<!--

Two changes: 

1) stopped putting expressions in attributes. Now using <calc>...</calc> to bracket expressions.
2) <calc> has a direction attribute and optionally can specify which run-time property you are computing the value of.

-->



<complexType name="AS-CPST-REC">
<sequence>
    <element name="AS-CPCOM"><sequence>
        <annotation>
        //**** Header portion.  Position 1-42 are common to all variants.
        </annotation>
        <annotation><appinfo>
            <charset value="ebcdic-cp-us"/>
            <repType value="binary"/>
            <byteOrder value="bigEndian"/>
            <decimalType value="text"/>
        </appinfo></annotation>
        <element name="AS-COM-STORE-TYPE" type="string" fixLength="1"/>
        <element name="AS-COM-STORE-NO" type="decimal" unsigned="true" totalDigits="5"/>
        <element name="AS-COM-TRAN-ID" type="string" fixLength="4">
           <annotation><appinfo>
              <calc direction="output"><[CDATA[
                  if ($../../AS-CPVAR/choiceTag = "AS-CPRENl") then "RA40"
                  else if ($../../AS-CPVAR/choiceTag = "AS-CPSLS") then "IC40"
                  else if ($../../AS-CPVAR/choiceTag = "AS-CPCP") then "CP80"
                  else throw inconsistentDef($../../AS-CPVAR/choiceTag); 
    	          ]]>
              </calc>
              </appinfo></annotation>
        </element>
        <annotation name="tran-id-definitions">
                    88  TRAN-COUPON          VALUE 'CP80'.
                    88  TRAN-REVENUE         VALUE 'IC40' 'RA40'.
                    88  TRAN-SALES           VALUE 'IC40'.
                    88  TRAN-DELIVER         VALUE 'IC44'.
                    88  TRAN-RENTS           VALUE 'RA40' 'RA42'.
                    88  TRAN-RENT-RETURN     VALUE 'RA41'.
        </annotation>
        <element name="AS-COM-QUANTITY" type="decimal" totalDigits="5"/>
        <element name="FILLER" type="string" fixLength="1"/>
        <element name="AS-COM-PART-NO" type="decimal" unsigned="true" totalDigits="6"/>
    </sequence></element>
    <element name="AS-CPVAR">
        <choice>
            <annotation> 
            //*** Variant portion.  Position 43-95 differs depending on AS-COM-TRAN-ID
            </annotation>
            <annotation><appinfo>
	       <element name="code" type="string" fixLength="3">
                  <annotation><appinfo>
                    <representation ref="../AS_CPCOM/AS-COM-TRAN-ID"/> <!-- rep comes from elsewhere -->
                  </appinfo></annotation>
               </element>
	       <!--
	          The calc for a choice is either implicitly for the choiceTag, or we make 
		  calculation of these run-time properties name which ones explicitly.
                 -->
               <calc direction="input" property="choiceTag"><[CDATA[
                    if ($code = "RA4") then "AS-CPREN" 
                    else if ($code = "IC4") then "AS-CPSLS"
                    else if ($code = "CP8") then "AS-CPCP"
                    else throw invalidDataFormat($code);
                    ]]>
                </calc>
            </appinfo></annotation>
            <element name="tagRep" type="string" fixLength="4">
            <element name="AS-CPREN"><sequence>
                <annotation>
                  //**** Txn-type RA4*  Rental
                </annotation>
                <element name="REN-REVENUE" type="decimal" totalDigits="9" fractionDigits="2"/>
                <element type="string" fixLength="1"/>
                <element name="REN-LOS" type="decimal" totalDigits="3"/>
                <element name="REN-EXT-VIEW-FEE" type="decimal" totalDigits="9" fractionDigits="2"/>
                <element name="REN-QOH" type="decimal" totalDigits="5"/>         
                <element name="REN-RENT-CODE" type="string" fixLength="1"/>
                <element name="REN-COPY-NO" type="decimal" unsigned="true" totalDigits="3"/>         
                <element name="REN-CUST-NO" type="string" fixLength="11"/>
                <element name="REN-CRD-TYPE" type="string" fixLength="3"/>
             </sequence></element>
             <element name="AS-CPSLS"><sequence>
                <annotation>
                  //**** Txn-type IC4*  Sales
                </annotation>
                <element name="SLS-COST" type="decimal" totalDigits="6" fractionDigits="2"/>
                <element name="SLS-REVENUE" type="decimal" totalDigits="9" fractionDigits="2"/>
                <element name="SLS-QOH" type="decimal" totalDigits="5"/>         
                <element name="SLS-CUST-NO" type="string" fixLength="11"/>
                <element name="SLS-CRD-TYPE" type="string" fixLength="3"/>
             </sequence></element>
             <element name="AS-CPCP"><sequence>
                <annotation>
                  //**** Txn-type CP8*  Coupon
                </annotation>
                <element name="CP-AMOUNT" type="decimal" totalDigits="7" fractionDigits="2"/>
                <element name="CP-COUPON-NO" type="string" fixLength="12"/>
                <element name="CP-CUST-NO" type="string" fixLength="11"/>
                <element name="CP-FILLER" type="string" fixLength="1" 
                             minOccurs="3" maxOccurs="3"/>
            </sequence></element>
      </choice>
  </element>
</sequence>
</complexType>
