<!-- days since 1970 as date rep -->

<!-- 

note that there are logical elements like "birthdate", there are "real" but representation-only elements like "daysSince1970". There's also the option of having transient elements though this example doesn't need any. These are not part of the logical result, nor part of the representation. Other example will use some of these fields.

-->

<element name="birthDate" type="date">
  <annotation><appinfo>
     <representation>
       <element name="daysSince1970" type="int">
           <annotation><appinfo>
               <repType value="binary"/>
               <!-- buggy calculations, but illustrative -->
               <calc direction="output"><[CDATA[
                        $../day + (30 * $../month) + (365 * ($../year - 1970))
                ]]>
               </calc>
           </appinfo></annotation>
       </element>
     </representation>
    <!-- buggy calculations, but illustrative -->
    <calc direction="input" property="year"><[CDATA[
          ($daysSince1970 / 365) + 1970
     ]]>
    </calc>
    <calc direction="input" property="month"><[CDATA[
          ($daysSince1970 / 30) mod 12
     ]]>
    </calc>
    <calc direction="input" property="day"><[CDATA[
          $daysSince1970 mod 30
     ]]>
    </calc>
  </appinfo></annotation>
</element>

