
<!-- int example. Make explicit how to decode/encode integers from binary stream -->

<!-- Of note: we have to assign to the different bytes of the array, so we need multiple assignment statements. -->

<!-- Of note: we have to ask for a metadata property (byteOrder). This is a property that is scoped over whole subtrees, or could be part of a type definition. We don't want to write that "search" for byteOrder definition in all those places, we want to invoke a primitive way of getting the in-scope definition of byteOrder if there is one. -->

<element name="x" type="int">
  <annotation><appinfo>
     <representation>
        <element name="intRep" type="unsignedByte" minOccurs="4" maxOccurs="4">
           <annotation><appinfo>
              <calc direction="output"><[CDATA[
                 if ($../properties/byteOrder = "bigEndian") then { /* the XPath here tells us about byteOrder in this scope! */
                     $.[0] = $.. >> 24;
                     $.[1] = ($.. >> 16) && 0xFF;
                     $.[2] = ($.. >> 8) && 0xFF;
                     $.[3] = ($..) && 0xFF;
                 } else {
                     $.[3] = $.. >> 24;
                     $.[2] = ($.. >> 16) && 0xFF;
                     $.[1] = ($.. >> 8) && 0xFF;
                     $.[0] = ($..) && 0xFF;
                 }
                 ]]>
              </calc>
           </appinfo></annotation>
        </element>
     </representation>
     <calc direction="input"><[CDATA[
         if ($./properties/byteOrder = "bigEndian") then {
           $. = (((((($intRep[0] << 8) + $intRep[1]) << 8) + $intRep[2]) << 8) + $intRep[3]);
         } else {
           $. = (((((($intRep[3] << 8) + $intRep[2]) << 8) + $intRep[1]) << 8) + $intRep[0]);
         }
       ]]>
     </calc>     
   </appinfo></annotation>
</element>
                     
<!-- of course we can create an int from text, binary bytes, or another int. 

Trying to do the analogous thing for text, there's lots of parameters. Parameters include:

terminator. Also the properties about escapes and quoting therefore.
totalDigits
digitGroupingSeparator
signPosition
signKind
isZeroWhenBlank

and in addition these are for output:

generatePlusSign
generateDigitGroupingSeparators
justification
padChar

and that assumes only base 10 integers.

General parameters that all fields must deal with are those which specify which stream to parse from and the position within it. (on output it's which stream to write into, and position within it.)

-->

<element name="x" type="int">
  <annotation><appinfo>
     <representation>
        <element name="intRep" type="string" minLength="1" maxLength="34"> /* 34 characters if we accept 0b11111111111111111111111111111111 */
           <annotation><appinfo>
              <calc direction="output"><[CDATA[
	      ....                  					       
               ]]>
              </calc>
           </appinfo></annotation>
        </element>
     </representation>
     <calc direction="input"><[CDATA[
       ....
       ]]>
     </calc>     
   </appinfo></annotation>
</element>
                     



