
Step 1: myvector is a vector of floats. It's rep is a RLE data structure.
The RLE data structure is a length, then two vectors, both have the same length. 
The first vector is a vector of counts. The second a vector of values.

<element name="myvector" type="double" minOccurs="0" maxOccurs="unbounded"> 
  <annotation><appinfo>
    <representation>
       <element name="rle">
         <sequence>
            <element name="len" type="unsignedInt"/>
            <element name="countVector" type="unsignedInt" minOccurs"0" maxOccurs="unbounded"/>
            <element name="valueVector" type="double" minOccurs"0" maxOccurs="unbounded"/>
         </sequence>
       </element>
    </representation>
  </appinfo></annotation>
</element>
    
Step 2: Just to parse the rep we need to know what the stored length is, and constrain the arrays with that length.    


<element name="myvector" type="double" minOccurs="0" maxOccurs="unbounded"> 
  <annotation><appinfo>
    <representation>
       <element name="rle">
         <sequence>
            <element name="len" type="unsignedInt"/>
            <element name="countVector" type="unsignedInt" minOccurs"0" maxOccurs="unbounded">
               <annotation><appinfo>
	          <storedLength value="$../len"/>
                  <storedLengthUnitType value="logicalItems"/>
               </appinfo></annotation>
            </element>
            <element name="valueVector" type="double" minOccurs"0" maxOccurs="unbounded">
               <annotation><appinfo>
	          <storedLength value="$../len"/>
                  <storedLengthUnitType value="logicalItems"/>
               </appinfo></annotation>
            </element>
         </sequence>
       </element>
    </representation>
  </appinfo></annotation>
</element>

Step 3: the value plumbing for parsing/input. How do we compute a value of myVector?

This is where things get tricky. Really we need to create a data structure which is a balanced search tree.
Then, each time we're asked for an item, we use the tree to compute the value.

Rather than try to write this code in DFDL, we're going to use callouts.

<element name="myvector" type="double" minOccurs="0" maxOccurs="unbounded"> 
  <annotation><appinfo>
    <representation>
       <element name="rle">
         <sequence>
            <element name="len" type="unsignedInt"/>
            <element name="countVector" type="unsignedInt" minOccurs"0" maxOccurs="unbounded">
               <annotation><appinfo>
	          <storedLength value="$../len"/>
                  <storedLengthUnitType value="logicalItems"/>
               </appinfo></annotation>
            </element>
            <element name="valueVector" type="double" minOccurs"0" maxOccurs="unbounded">
               <annotation><appinfo>
	          <storedLength value="$../len"/>
                  <storedLengthUnitType value="logicalItems"/>
               </appinfo></annotation>
            </element>
         </sequence>
       </element>
    </representation>
    <element name="searchTree" type="byte" maxOccurs="unbounded"> <!-- black box. Don't like this. Perhaps Void is type? or "opaque" or some such. -->
        <annotation><appinfo>      
            <calc direction="input"><[CDATA[
	      makeBalancedSearchTree($../rle/countVector) /* pass by object reference is what we want. It could be a very big vector. */
             ]]>
            </calc>
         </appinfo></annotation>
    </element>
    <calc direction="input"><[CDATA[
      let index = search($../searchTree, $../selfIndex); /* I still needed to put in a temporary variable that's not convertible into an element on the tree. 
                                                            it's not an attribute on the tree because of the indexing. */
       in 
      $../rle/valueVector[$index] /* notice the double $. One for the element, and one for the subscript of the element. Right? */
     ]]>
    </calc>
  </appinfo></annotation>       
</element>
