
<!-- the issue here is how do we express that we're parametric in terms of a rep, i.e., any byte stream, not a specific one. -->


<complexType name='PATIENT-TREATMENTS-type'>
    <annotation><appinfo>
        <dfdl:repType value="binary"/> // does this mean it's bytes as the default rep? 
        <dfdl:byteOrder value="bigEndian"/>
        <dfdl:decimalFormatType value="text"/>
        <dfdl:charset value="ebcdic-cp-us"/>
        <dfdl:representation type="byte"/>  // or do we have to say this explicitly
    </appinfo></annotation>
    <sequence>
        <element name='PATIENT-NAME' type='string' minLength='30' maxLength="30"/>
        <element name='PATIENT-SS-NUMBER' type='decimal' totalDigits='9'/>
        <element name='NUMBER-OF-TREATMENTS' type='decimal' totalDigits='2'>
            <annotation><appinfo>
                <dfdl:decimalFormatType value="packed"/>
            </appinfo></annotation>
        </element>
        <element name='TREATMENT-HISTORY' minOccurs='0' maxOccurs='50'>
            <annotation><appinfo>
                    <dfdl:storedLength value='NUMBER-OF-TREATMENTS'/>
                    <dfdl:storedLengthUnitType value='repItems'/> // the repItems are bytes according to the representation attribute above. 
            </appinfo></annotation>
            <sequence>
                <element name='TREATMENT-DATE'>
                    <sequence>
                        <element name='TREATMENT-DAY' type='decimal' totalDigits='2'/>
                        <element name='TREATMENT-MONTH' type='decimal' totalDigits='2'/>
                        <element name='TREATMENT-YEAR' type='decimal' totalDigits='4'/>
                    </sequence>
                </element>
                <element name='TREATING-PHYSICIAN' type='string' minLength='30' maxLength=30/>
                <element name='TREATMENT-CODE' type='decimal' totalDigits='2'/>
            </sequence>
        </element>
    </sequence>
</complexType>

