

<!-- several versions of this in the file. --> 

<!-- First try. Put all the logic in. 

Illustrates that we need to calculate the arrayLength and the value of
the character we're decoding and we need to detect validity all at the
same time.

Have to do something here when we detect that its invalid, but we want
to skip a byte I.e., consume the invalid byte, and for this character
substitute a default character or we might want to throw here, and
somehow outside of here have a way to say the behavior desired is to
substitute a default character.  We don't want to have to check again
for validity of this first byte. So we really want to return two
values from this expression. The length in bytes to advance, which is
1, and whether it was valid or not.  In fact, we don't really want to
repeat the branch logic again. But that means we must compute multiple
things here.


-->

<element name="unicode-charcode" type="int">
  <annotation>
   Char. number range  |        UTF-8 octet sequence
      (hexadecimal)    |              (binary)
   --------------------+---------------------------------------------
   0000 0000-0000 007F | 0xxxxxxx
   0000 0080-0000 07FF | 110xxxxx 10xxxxxx
   0000 0800-0000 FFFF | 1110xxxx 10xxxxxx 10xxxxxx
   0001 0000-0010 FFFF | 11110xxx 10xxxxxx 10xxxxxx 10xxxxxx
    <appinfo>
    <representation>
         <element name="UTF8EncodedBytes" type="unsignedByte" minOccurs="1" maxOccurs="4">
             <annotation><appinfo>
	        <calc direction="input"><[CDATA[

		  if (($.[0] && 0x7F) = 0) then {
		     $arrayLength = 1;
                     $.. = $.[0] ; /* assigns value of the charcode to be the value of this byte. */
		  }
                  else if (($.[0] && 0xE0) = 0xC0) then {
                     if (($.[1] && 0xC0) = 0x80) then {
                        $arrayLength = 2;
                        $.. = (($.[0] && 0x1F) << 6) + ($.[1] && 0x3F);
                     } else {
		       /* 2nd byte invalid */
		       $arrayLength = 2;
		       $../isValid = false;
		       $.. = -1; /* ??? */
                     }
		  }
                  else if (($.[0] && 0xF0) = 0xE0) then {
                     if (($.[1] && 0xC0) = 0x80) then {
                        if (($.[2] && 0xC0) = 0x80) then {
                            $arrayLength = 2;
                            $.. = (((($.[0] && 0x0F) << 6) + ($.[1] && 0x3F)) << 6) + ($.[2] && 0x3F);
                        } else {
			  /* 3rd byte invalid. */
			  $arrayLength = 3;
			  $../isValid = false;
			  $.. = -1; /* ??? */
                        }
                     } else {
		       $arrayLength = 2;
		       $../isValid = false;
		       $.. = -1; /* ??? */
                     }
                  }
                  else if (($.[0] && 0xF8) = 0xF0) then {
                     if (($.[1] && 0xC0) = 0x80) then {
                        if (($.[2] && 0xC0) = 0x80) then {
                           if (($.[3] && 0xC0) = 0x80) then {
			     $arrayLength = 4;
                             $.. = (((((($.[0] && 0x07) << 6) + ($.[1] && 0x3F)) << 6) + ($.[2] && 0x3F)) << 6) + ($.[3] && 0x3F);
                           } else {
			     /* 4th byte invalid */
			     $arrayLength = 4;
			     $../isValid = false;
			     $.. = -1; /* ??? */
			   }
			} else {
			  /* 3rd byte invalid */
			  $arrayLength = 3;
			  $../isValid = false;
			  $.. = -1; /* ??? */
			}
		     } else {
		       /* 2nd byte invalid */
		       $arrayLength = 2;
		       $../isValid = false;
		       $.. = -1; /* ??? */
		     }
		  }
		  else {
		    /* 1st byte invalid */
		    $arrayLength = 1;
		    $../isValid = false;
		    $.. = -1; /* ??? */
		  }

                  ]]>
                </calc>
          </appinfo></annotation>
        </element>
    </representation>
  </appinfo></annotation>
</element>


<!-- The below is the equivalent but all as one big black box parser. Note how it returns 2 values. -->


<element name="unicode-charcode" type="int">
  <annotation><appinfo>
    <representation>
         <element name="UTF8EncodedBytes" type="unsignedByte" minOccurs="1" maxOccurs="4">
             <annotation><appinfo>
	        <calc direction="input"><[CDATA[
                  $arrayLength, $.. = parseUTF8CharCode($.);
                  ]]>
                </calc>
          </appinfo></annotation>
        </element>
    </representation>
  </appinfo></annotation>
</element>

<!-- Discussion:

Could assign a structure value to a single attribute, and then query it to pull out the values of interest one by one?

But this parseUTF8CharCode looks like a parser function. Why not let it take the unbounded rep stream and advance it past the item parsed? 

In general real side effects here will get us in trouble with lookahead. I.e., if we're trying to parse something to see if it validates, and then it doesn't then the streams all have to backup to where we started that parse. 

-->