// Variant 1 of clever string. Using recursive type and rep stuff.

// leave out all <xs:annotation><xs:appinfo> and their complements.

<?xml version="1.0" encoding="UTF-8"?>
<xs:schema xmlns:xs="http://www.w3.org/2001/XMLSchema" elementFormDefault="qualified" attributeFormDefault="unqualified">
			<transform name="case3" inputType="file" outputType="xs:string">
				<source apply="buildTheModel">
					<source name="string" apply="getTheString"/>
				</source>
				<use source="string" populate="."/>
				<transform name="buildTheModel" inputType="file" outputType="model">
					<source name="byteSource" apply="fileToBytes">
						<source name="intLength" apply="bytesToInt"/>
						<source name="string" apply="bytesToString"/>
					</source>
					<use source="byteSource" populate="//element[(name='byteLength')" conditionOver="byteSource" when="position()=0 &gt;= 0"/>
					<use source="intLength" populate="//element[(name='intLength') and (type='xs:int')]" conditionOver="byteSource" when="position()=0 &lt; 0"/>
					<use source="string" populate="//element[(name='string')"/>
				</transform>
				<transform name="getTheString" inputType="model" outputType="xs:string">
					<source name="string" apply="XSLT">
						<!--...xslt to return exactly the contents of the string element -->
					</source>
					<use source="string" populate="."/>
				</transform>
			</transform>

<?xml version="1.0" encoding="UTF-8"?>
<xs:schema xmlns:xs="http://www.w3.org/2001/XMLSchema" elementFormDefault="qualified" attributeFormDefault="unqualified">
<xs:element name="foo" type="xs:string" minOccurs="0" maxOccurs="unbounded">
	<dfdl:representation>
		<dfdl:what>
			<dfdl:repType>
				<xs:sequence>
					<xs:element name="lengthField" type="xs:int">
						<dfdl:representation>
							<dfdl:what>
								<dfdl:repType>
									<xs:choice>
										<xs:element name="byteLength" type="xs:byte"/>
										<xs:element name="intLength" type="xs:int"/>
										 <dfdl:choiceRep 
								    discriminant="if ((byteLength && 0x80) == 0) then (byteLength && 0x7F) else intLength"/>

									</xs:choice>
								</dfdl:repType>
							</dfdl:what>
                                                        <dfdl:where>
								... // this should default to the right thing.
							</dfdl:where> 
						</dfdl:representation>
					</xs:element>
					<xs:element name="string" type="xs:string">
						<dfdl:representation>
							   ...
						</dfdl:representation>
					</xs:element>
				</xs:sequence>
			</dfdl:repType>
		</dfdl:what>
		<dfdl:where> // should default to the right thing.
			<dfdl:sourceDef name="input"/> // source definition, or an actual source?
			<dfdl:locationOfRepWithinSource fixedOffset="0"/> // zero bytes beyond previous
                </dfdl:where>
	</dfdl:representation>
</xs:element>
</xs:schema>



// Martin Westhead's example 3 (clever string)

<?xml version="1.0" encoding="UTF-8"?>
<xs:schema xmlns:xs="http://www.w3.org/2001/XMLSchema" elementFormDefault="qualified" attributeFormDefault="unqualified">
	<xs:annotation>
		<xs:documentation>length|chars

(first bit on, length in 1 byte, otherwise, length in 4 bytes,
parameterized characterset)

We handle this conversion with a call to a custom style sheet. getMyString() </xs:documentation>
		<xs:appinfo>
			<transform name="case3" inputType="file" outputType="xs:string">
				<source apply="buildTheModel">
					<source name="string" apply="getTheString"/>
				</source>
				<use source="string" populate="."/>
				<transform name="buildTheModel" inputType="file" outputType="model">
					<source name="byteSource" apply="fileToBytes">
						<source name="intLength" apply="bytesToInt"/>
						<source name="string" apply="bytesToString"/>
					</source>
					<use source="byteSource" populate="//element[(name='byteLength')" conditionOver="byteSource" when="position()=0 &gt;= 0"/>
					<use source="intLength" populate="//element[(name='intLength') and (type='xs:int')]" conditionOver="byteSource" when="position()=0 &lt; 0"/>
					<use source="string" populate="//element[(name='string')"/>
				</transform>
				<transform name="getTheString" inputType="model" outputType="xs:string">
					<source name="string" apply="XSLT">
						<!--...xslt to return exactly the contents of the string element -->
					</source>
					<use source="string" populate="."/>
				</transform>
			</transform>
		</xs:appinfo>
	</xs:annotation>
	<xs:complexType name="model">
		<xs:sequence>
			<xs:choice>
				<xs:element name="byteLength" type="xs:byte"/>
				<xs:element name="intLengh" type="xs:int"/>
			</xs:choice>
			<xs:element name="string" type="xs:string"/>
		</xs:sequence>
	</xs:complexType>
</xs:schema>



// Variant 2: using our concepts of rep containing what and where.
<?xml version="1.0" encoding="UTF-8"?>
<xs:schema xmlns:xs="http://www.w3.org/2001/XMLSchema" elementFormDefault="qualified" attributeFormDefault="unqualified">
	<xs:complexType name="output">
		<xs:sequence>
			<xs:element name="x" type="xs:integer">
				<xs:annotation>
					<xs:appinfo>
					      <dfdl:representation>
						// Rep info includes What and Where
						// "What" includes data type rep, dimension rep, and null rep information.
						// "Where" includes the source and location within it.
						<dfdl:what>
							<dfdl:simpleTypeRep>
							   <dfdl:binaryTypeRep byteOrder="bigEndian">
							</dfdl:simpleTypeRep>
							// no null rep, no dimension info
                                                </dfdl:what>
                                                <dfdl:where>
							<dfdl:sourceDef name="input"/> // source definition, or an actual source?
							<dfdl:locationOfRepWithinSource fixedPosition="0"/>
                                                </dfdl:where>
      					      </dfdl:representation>
					</xs:appinfo>
				</xs:annotation>
                        </xs:element>
			<xs:element name="y" type="xs:double"/>
				<xs:annotation>
					<xs:appinfo>
						....
					</xs:appinfo>
				</xs:annotation>
                        </xs:element>
			<xs:element name="z" type="xs:float"/>
				<xs:annotation>
					<xs:appinfo>
						....
					</xs:appinfo>
				</xs:annotation>
                        </xs:element>
		</xs:sequence>
	</xs:complexType>
</xs:schema>


// Variant 1: intersperce rep info into the data structure
<?xml version="1.0" encoding="UTF-8"?>
<xs:schema xmlns:xs="http://www.w3.org/2001/XMLSchema" elementFormDefault="qualified" attributeFormDefault="unqualified">
	<xs:annotation>
		<xs:appinfo>
			<transform outputType="output" inputType="binaryFile">
			</transform>
		</xs:appinfo>
	</xs:annotation>
	<xs:complexType name="output">
		<xs:sequence>
			<xs:element name="x" type="xs:integer">
				<xs:annotation>
					<xs:appinfo>
						<source name="integers" apply="bytesToIntegers">
							<byteOrder>bigEndian</byteOrder>
						</source>
						<use source="integers" populate="//xs:element[@type='xs:integer']"/>
					</xs:appinfo>
				</xs:annotation>
                        </xs:element>
			<xs:element name="y" type="xs:double"/>
				<xs:annotation>
					<xs:appinfo>
						<source name="doubles" apply="bytesToDoubles">
							<byteOrder>bigEndian</byteOrder>
						</source>
						<use source="doubles" populate="//xs:element[@type='xs:double']"/>
					</xs:appinfo>
				</xs:annotation>
                        </xs:element>
			<xs:element name="z" type="xs:float"/>
				<xs:annotation>
					<xs:appinfo>
						<source name="floats" apply="bytesToFloats">
							<byteOrder>bigEndian</byteOrder>
						</source>
						<use source="floats" populate="//xs:element[@type='xs:float']"/>
					</xs:appinfo>
				</xs:annotation>
                        </xs:element>
		</xs:sequence>
	</xs:complexType>
</xs:schema>

/// Martin Westhead's original below
<?xml version="1.0" encoding="UTF-8"?>
<xs:schema xmlns:xs="http://www.w3.org/2001/XMLSchema" elementFormDefault="qualified" attributeFormDefault="unqualified">
	<xs:annotation>
		<xs:appinfo>
			<transform outputType="output" inputType="binaryFile">
				<source apply="fileToBytes">
					<source name="integers" apply="bytesToIntegers">
						<byteOrder>bigEndian</byteOrder>
					</source>
					<source name="doubles" apply="bytesToDoubles">
						<byteOrder>bigEndian</byteOrder>
					</source>
					<source name="floats" apply="bytesToFloats">
						<byteOrder>bigEndian</byteOrder>
					</source>
				</source>
				<use source="integers" populate="//xs:element[@type='xs:integer']"/>
				<use source="doubles" populate="//xs:element[@type='xs:double']"/>
				<use source="floats" populate="//xs:element[@type='xs:float']"/>
			</transform>
		</xs:appinfo>
	</xs:annotation>
	<xs:complexType name="output">
		<xs:sequence>
			<xs:element name="x" type="xs:integer"/>
			<xs:element name="y" type="xs:double"/>
			<xs:element name="z" type="xs:float"/>
		</xs:sequence>
	</xs:complexType>
</xs:schema>
