<xml xmlns:o="urn:schemas-microsoft-com:office:office">
 <o:MainFile HRef="../gwdrp-dfdl-v1.0.5-r22.htm"/>
 <o:File HRef="item0001.xml"/>
 <o:File HRef="props002.xml"/>
 <o:File HRef="item0003.xml"/>
 <o:File HRef="props004.xml"/>
 <o:File HRef="item0005.xml"/>
 <o:File HRef="props006.xml"/>
 <o:File HRef="item0007.xml"/>
 <o:File HRef="props008.xml"/>
 <o:File HRef="themedata.thmx"/>
 <o:File HRef="colorschememapping.xml"/>
 <o:File HRef="image001.png"/>
 <o:File HRef="image002.gif"/>
 <o:File HRef="image003.png"/>
 <o:File HRef="image004.jpg"/>
 <o:File HRef="oledata.mso"/>
 <o:File HRef="image005.wmz"/>
 <o:File HRef="image006.gif"/>
 <o:File HRef="image007.gif"/>
 <o:File HRef="header.htm"/>
 <o:File HRef="filelist.xml"/>
</xml>