<?xml version="1.0" encoding="UTF-8" standalone="no"?><b:Sources SelectedStyle="\IEEE2006OfficeOnline.xsl" StyleName="IEEE 2006" xmlns:b="http://schemas.openxmlformats.org/officeDocument/2006/bibliography" xmlns="http://schemas.openxmlformats.org/officeDocument/2006/bibliography"><b:Source><b:Tag>Thrift</b:Tag><b:SourceType>DocumentFromInternetSite</b:SourceType><b:Guid>{CA3FC6E0-FC5C-4186-8122-A31E05919B39}</b:Guid><b:Author><b:Author><b:NameList><b:Person><b:Last>Slee</b:Last><b:Middle>Mark</b:Middle></b:Person><b:Person><b:Last>Agarwal</b:Last><b:First>Aditya</b:First></b:Person><b:Person><b:Last>Kwiatkowski</b:Last><b:Middle>Marc</b:Middle></b:Person></b:NameList></b:Author></b:Author><b:Title>Thrift: Scalable Cross-Language Services Implementation</b:Title><b:InternetSiteTitle>Apache Thrift</b:InternetSiteTitle><b:YearAccessed>2014</b:YearAccessed><b:MonthAccessed>04</b:MonthAccessed><b:DayAccessed>14</b:DayAccessed><b:URL>http://thrift.apache.org/static/files/thrift-20070401.pdf</b:URL><b:RefOrder>2</b:RefOrder></b:Source><b:Source><b:Tag>RDP</b:Tag><b:SourceType>BookSection</b:SourceType><b:Guid>{C1909328-45DB-493F-B1D9-1DF5083A1C77}</b:Guid><b:Title>Recursive Programming Techniques</b:Title><b:Year>1975</b:Year><b:Publisher>Addison-Wesley Longman, Incorporated</b:Publisher><b:Author><b:BookAuthor><b:NameList><b:Person><b:Last>Burge</b:Last><b:First>William</b:First><b:Middle>H.</b:Middle></b:Person></b:NameList></b:BookAuthor></b:Author><b:RefOrder>3</b:RefOrder></b:Source><b:Source><b:Tag>RFC2119</b:Tag><b:SourceType>Report</b:SourceType><b:Guid>{3C65CB85-CA24-4327-B112-87305028CFDA}</b:Guid><b:Author><b:Author><b:NameList><b:Person><b:Last>Bradner</b:Last><b:First>S.</b:First></b:Person></b:NameList></b:Author></b:Author><b:Title>RFC 2119: Key words for use in RFCs to Indicate Requirement Levels</b:Title><b:Year>1997</b:Year><b:Publisher>IETF (Internet Engineering Task Force)</b:Publisher><b:RefOrder>4</b:RefOrder></b:Source><b:Source><b:Tag>OBSOLETE_DFDL</b:Tag><b:SourceType>Report</b:SourceType><b:Guid>{BDAC4617-BB09-4E2A-AAC0-96A320720B5E}</b:Guid><b:Title>Data Format Description Language (DFDL) v1.0 Specification</b:Title><b:Year>2011</b:Year><b:URL>http://www.ogf.org/documents/GFD.174.pdf</b:URL><b:Author><b:Author><b:NameList><b:Person><b:Last>Beckerle</b:Last><b:Middle>J</b:Middle><b:First>Michael</b:First></b:Person><b:Person><b:Last>Hanson</b:Last><b:Middle>M</b:Middle><b:First>Stephen</b:First></b:Person><b:Person><b:Last>Powell</b:Last><b:Middle>Alan</b:Middle><b:First>W</b:First></b:Person></b:NameList></b:Author></b:Author><b:StandardNumber>GFD-P-R.174</b:StandardNumber><b:Institution>Open Grid Forum</b:Institution><b:Publisher>www.ogf.org</b:Publisher><b:RefOrder>5</b:RefOrder></b:Source><b:Source><b:Tag>XSDLV1</b:Tag><b:SourceType>InternetSite</b:SourceType><b:Guid>{6694BB38-EE77-43AD-92C5-732DEC082EE1}</b:Guid><b:Author><b:Author><b:Corporate>W3C</b:Corporate></b:Author></b:Author><b:Title>XML Schema Part 1: Structures Second Edition</b:Title><b:Year>2004</b:Year><b:Month>October</b:Month><b:Day>28</b:Day><b:URL>http://www.w3.org/TR/xmlschema-1/</b:URL><b:RefOrder>6</b:RefOrder></b:Source><b:Source><b:Tag>XMLSch</b:Tag><b:SourceType>InternetSite</b:SourceType><b:Guid>{874C1091-218C-4235-BB6E-AE406F428A59}</b:Guid><b:Author><b:Author><b:Corporate>W3C</b:Corporate></b:Author></b:Author><b:Title>XML Schema</b:Title><b:URL>http://www.w3.org/XML/Schema</b:URL><b:RefOrder>7</b:RefOrder></b:Source><b:Source><b:Tag>XPath2</b:Tag><b:SourceType>InternetSite</b:SourceType><b:Guid>{1C766F40-3AF5-4B77-AEF5-E734E011DB02}</b:Guid><b:Author><b:Author><b:Corporate>W3C</b:Corporate></b:Author></b:Author><b:Title>XML Path Language (XPath) 2.0 (Second Edition)</b:Title><b:URL>http://www.w3.org/TR/xpath20/</b:URL><b:RefOrder>8</b:RefOrder></b:Source><b:Source><b:Tag>XMLInfo</b:Tag><b:SourceType>InternetSite</b:SourceType><b:Guid>{619AB09E-F4F2-4343-9796-495FFD5643E0}</b:Guid><b:Author><b:Author><b:Corporate>W3C</b:Corporate></b:Author></b:Author><b:Title>XML Information Set (Second Edition)</b:Title><b:Year>2004</b:Year><b:Month>February</b:Month><b:Day>4</b:Day><b:URL>http://www.w3.org/TR/xml-infoset</b:URL><b:RefOrder>9</b:RefOrder></b:Source><b:Source><b:Tag>SCD</b:Tag><b:SourceType>DocumentFromInternetSite</b:SourceType><b:Guid>{233A4F3D-8547-4711-896D-C3CE1CF6600C}</b:Guid><b:Title>W3C XML Schema Definition Language (XSD): Component Designators</b:Title><b:URL>http://www.w3.org/TR/xmlschema-ref/</b:URL><b:Author><b:Author><b:Corporate>W3C</b:Corporate></b:Author></b:Author><b:InternetSiteTitle>W3C</b:InternetSiteTitle><b:RefOrder>10</b:RefOrder></b:Source><b:Source><b:Tag>UNICODERE</b:Tag><b:SourceType>InternetSite</b:SourceType><b:Guid>{F8A58029-99F5-48E0-A44C-EC5621C303E3}</b:Guid><b:Author><b:Author><b:Corporate>Unicode, Inc.</b:Corporate></b:Author></b:Author><b:Title>Unicode Regular Expressions</b:Title><b:URL>http://www.unicode.org/reports/tr18/</b:URL><b:RefOrder>1</b:RefOrder></b:Source><b:Source><b:Tag>UnicodeLDML</b:Tag><b:SourceType>InternetSite</b:SourceType><b:Guid>{5A917973-0558-4525-AE6B-C6696F52EA14}</b:Guid><b:Author><b:Author><b:Corporate>Unicode, Inc.</b:Corporate></b:Author></b:Author><b:Title>Unicode Locale Data Markup Language (LDML)</b:Title><b:URL>http://www.unicode.org/reports/tr35/</b:URL><b:RefOrder>11</b:RefOrder></b:Source><b:Source><b:Tag>UnicodeCLDR</b:Tag><b:SourceType>InternetSite</b:SourceType><b:Guid>{D90AF4EC-8BAC-4450-9A52-47D7CE9F3704}</b:Guid><b:Author><b:Author><b:Corporate>Unicode, Inc.</b:Corporate></b:Author></b:Author><b:Title>Unicode Common Locale Data Repository</b:Title><b:URL>https://sites.google.com/site/cldr/</b:URL><b:RefOrder>12</b:RefOrder></b:Source><b:Source><b:Tag>UNICODE</b:Tag><b:SourceType>InternetSite</b:SourceType><b:Guid>{9AFA998B-67EE-428C-B948-51C56B64321C}</b:Guid><b:Title>Unicode</b:Title><b:URL>http://www.unicode.org/</b:URL><b:Author><b:Author><b:Corporate>The Unicode Consortium</b:Corporate></b:Author></b:Author><b:RefOrder>13</b:RefOrder></b:Source><b:Source><b:Tag>OMGCAM</b:Tag><b:SourceType>Report</b:SourceType><b:Guid>{196EA109-0CF1-433E-80DF-755C00982456}</b:Guid><b:Author><b:Author><b:Corporate>OMG - Object Management Group</b:Corporate></b:Author></b:Author><b:Title>UML Profile and Interchange Models for Enterprise Application Integration (EAI) Specification</b:Title><b:Year>2004</b:Year><b:URL>http://www.omg.org/cgi-bin/doc?formal/2004-03-26</b:URL><b:Publisher>OMG - Object Management Group</b:Publisher><b:ThesisType>Formal Specification</b:ThesisType><b:StandardNumber>formal/04-03-26</b:StandardNumber><b:RefOrder>14</b:RefOrder></b:Source><b:Source><b:Tag>OLSON</b:Tag><b:SourceType>InternetSite</b:SourceType><b:Guid>{6389ED69-2EF7-418A-9437-77787E703541}</b:Guid><b:Title>Time Zone Database</b:Title><b:Author><b:Author><b:Corporate>IANA - Internet Assigned Numbers Authority</b:Corporate></b:Author></b:Author><b:InternetSiteTitle>IANA - Internet Assigned Numbers Authority</b:InternetSiteTitle><b:YearAccessed>2014</b:YearAccessed><b:MonthAccessed>04</b:MonthAccessed><b:DayAccessed>14</b:DayAccessed><b:URL>http://www.iana.org/time-zones</b:URL><b:RefOrder>15</b:RefOrder></b:Source><b:Source><b:Tag>ICURE</b:Tag><b:SourceType>DocumentFromInternetSite</b:SourceType><b:Guid>{B03E454A-7D07-4E5B-B3CF-0AD8C2B6BB44}</b:Guid><b:Author><b:Author><b:Corporate>icu-project.org</b:Corporate></b:Author></b:Author><b:Title>Regular Expressions</b:Title><b:InternetSiteTitle>ICU - International Components for Unicode</b:InternetSiteTitle><b:URL>http://userguide.icu-project.org/strings/regexp</b:URL><b:RefOrder>16</b:RefOrder></b:Source><b:Source><b:Tag>XMLNS10</b:Tag><b:SourceType>InternetSite</b:SourceType><b:Guid>{99FAA091-2B5E-4087-8655-B51AA90F5EB4}</b:Guid><b:Author><b:Author><b:Corporate>W3C</b:Corporate></b:Author></b:Author><b:Title>Namespaces in XML 1.0 (Third Edition)</b:Title><b:Year>2009</b:Year><b:Month>December</b:Month><b:Day>8</b:Day><b:URL>http://www.w3.org/TR/REC-xml-names/</b:URL><b:RefOrder>17</b:RefOrder></b:Source><b:Source><b:Tag>ICULOCALE</b:Tag><b:SourceType>DocumentFromInternetSite</b:SourceType><b:Guid>{92B583B2-CFD6-4D25-9F63-8755003004DB}</b:Guid><b:Author><b:Author><b:Corporate>icu-project.org</b:Corporate></b:Author></b:Author><b:Title>Locale</b:Title><b:InternetSiteTitle>ICU - International Compnents for Unicode</b:InternetSiteTitle><b:YearAccessed>2014</b:YearAccessed><b:MonthAccessed>04</b:MonthAccessed><b:DayAccessed>14</b:DayAccessed><b:URL>http://userguide.icu-project.org/locale</b:URL><b:RefOrder>18</b:RefOrder></b:Source><b:Source><b:Tag>ICUDecForm</b:Tag><b:SourceType>DocumentFromInternetSite</b:SourceType><b:Guid>{D40C3C6A-83C0-450C-B3F9-003FFEAF8D9D}</b:Guid><b:Author><b:Author><b:Corporate>icu-project.org</b:Corporate></b:Author></b:Author><b:Title>icu::DecimalFormat Class Reference</b:Title><b:InternetSiteTitle>ICU - International Components for Unicode</b:InternetSiteTitle><b:YearAccessed>2014</b:YearAccessed><b:MonthAccessed>04</b:MonthAccessed><b:DayAccessed>14</b:DayAccessed><b:URL>http://icu.sourceforge.net/apiref/icu4c/classDecimalFormat.html#_details</b:URL><b:RefOrder>19</b:RefOrder></b:Source><b:Source><b:Tag>ICUCalForm</b:Tag><b:SourceType>DocumentFromInternetSite</b:SourceType><b:Guid>{BE27D8F8-A9C3-4C40-BE02-7E016CA546ED}</b:Guid><b:Title>Formatting Dates and Times</b:Title><b:InternetSiteTitle>ICU - International Components for Unicode</b:InternetSiteTitle><b:YearAccessed>2014</b:YearAccessed><b:MonthAccessed>04</b:MonthAccessed><b:DayAccessed>14</b:DayAccessed><b:URL>http://userguide.icu-project.org/formatparse/datetime</b:URL><b:Author><b:Author><b:Corporate>icu-project.org</b:Corporate></b:Author></b:Author><b:Comments>See also  http://icu-project.org/apiref/icu4j/com/ibm/icu/text/SimpleDateFormat.html</b:Comments><b:RefOrder>20</b:RefOrder></b:Source><b:Source><b:Tag>XML11</b:Tag><b:SourceType>InternetSite</b:SourceType><b:Guid>{4B64D026-8CE8-42E6-B0AC-1E17E528B9F3}</b:Guid><b:Author><b:Author><b:Corporate>W3C</b:Corporate></b:Author></b:Author><b:Title>Extensible Markup Language (XML) 1.1 (Second Edition)</b:Title><b:Year>2006</b:Year><b:Month>August</b:Month><b:Day>16</b:Day><b:URL>http://www.w3.org/TR/xml11/</b:URL><b:RefOrder>21</b:RefOrder></b:Source><b:Source><b:Tag>XML10</b:Tag><b:SourceType>InternetSite</b:SourceType><b:Guid>{B51F2BCE-C927-4961-94A4-F46123F2862D}</b:Guid><b:Author><b:Author><b:Corporate>W3C</b:Corporate></b:Author></b:Author><b:Title>Extensible Markup Language (XML) 1.0 (Fifth Edition)</b:Title><b:Year>2008</b:Year><b:Month>November</b:Month><b:Day>26</b:Day><b:URL>http://www.w3.org/TR/REC-xml</b:URL><b:RefOrder>22</b:RefOrder></b:Source><b:Source><b:Tag>EXI</b:Tag><b:SourceType>DocumentFromInternetSite</b:SourceType><b:Guid>{3B27EFD3-8A7F-4C36-913C-652BEC46220F}</b:Guid><b:Title>Efficient XML Interchange (EXI) Format 1.0 (Second Edition)</b:Title><b:URL>http://www.w3.org/TR/exi</b:URL><b:Author><b:Author><b:Corporate>W3C</b:Corporate></b:Author></b:Author><b:RefOrder>23</b:RefOrder></b:Source><b:Source><b:Tag>CAZoned</b:Tag><b:SourceType>DocumentFromInternetSite</b:SourceType><b:Guid>{A3EA40FE-72CE-4E16-856C-87D33FE4408B}</b:Guid><b:Author><b:Author><b:Corporate>Disc Interchange Service Company, Inc., Westford, MA, USA.</b:Corporate></b:Author></b:Author><b:Title>EBCDIC to ASCII Conversion of Signed Fields</b:Title><b:YearAccessed>2014</b:YearAccessed><b:MonthAccessed>04</b:MonthAccessed><b:DayAccessed>14</b:DayAccessed><b:URL>http://www.3480-3590-data-conversion.com/article-signed-fields.html</b:URL><b:RefOrder>24</b:RefOrder></b:Source><b:Source><b:Tag>CCSID</b:Tag><b:SourceType>DocumentFromInternetSite</b:SourceType><b:Guid>{524563F2-6C58-4493-9120-D9E49D775594}</b:Guid><b:Title>Coded Character Set Identifiers (CCSID)</b:Title><b:URL>http://www.ibm.com/software/globalization/ccsid/ccsid_registered.html</b:URL><b:RefOrder>25</b:RefOrder></b:Source><b:Source><b:Tag>JAVARE</b:Tag><b:SourceType>DocumentFromInternetSite</b:SourceType><b:Guid>{300164B0-DC32-45E8-AD43-D06C3FAF1CDE}</b:Guid><b:Author><b:Author><b:Corporate>Oracle</b:Corporate></b:Author></b:Author><b:Title>Class Pattern</b:Title><b:InternetSiteTitle>Java™ Platform, Standard Edition 7</b:InternetSiteTitle><b:URL>http://docs.oracle.com/javase/7/docs/api/java/util/regex/Pattern.html</b:URL><b:RefOrder>26</b:RefOrder></b:Source><b:Source><b:Tag>IANA</b:Tag><b:SourceType>DocumentFromInternetSite</b:SourceType><b:Guid>{5638AD43-887F-4811-8C23-89B86B028F4A}</b:Guid><b:Author><b:Author><b:Corporate>IANA</b:Corporate></b:Author></b:Author><b:Title>Character Sets</b:Title><b:URL>http://www.iana.org/assignments/character-sets</b:URL><b:RefOrder>27</b:RefOrder></b:Source><b:Source><b:Tag>BFD</b:Tag><b:SourceType>DocumentFromInternetSite</b:SourceType><b:Guid>{C0C893B9-B55D-42EA-A2F7-1D87A9B740F3}</b:Guid><b:Title>Binary Format Description (BFD) Language</b:Title><b:URL>http://collaboratory.emsl.pnl.gov/sam/bfd/</b:URL><b:RefOrder>28</b:RefOrder></b:Source><b:Source><b:Tag>Avro</b:Tag><b:SourceType>DocumentFromInternetSite</b:SourceType><b:Guid>{8AF0258A-4B68-4630-9237-29934655A282}</b:Guid><b:Title>Avro</b:Title><b:URL>http://avro.apache.org/docs/1.3.0/spec.html</b:URL><b:RefOrder>29</b:RefOrder></b:Source><b:Source><b:Tag>ASN1PER</b:Tag><b:SourceType>DocumentFromInternetSite</b:SourceType><b:Guid>{7F54689E-5D71-40E4-B93C-A0B083EF95DC}</b:Guid><b:Title>ASN.1 Packed Encoding Rules (PER)</b:Title><b:URL>http://www.itu.int/rec/T-REC-X.691-200811-I/en</b:URL><b:RefOrder>30</b:RefOrder></b:Source><b:Source><b:Tag>ASN1ECN</b:Tag><b:SourceType>DocumentFromInternetSite</b:SourceType><b:Guid>{2C2B7E89-04BB-4ED0-A79A-1ECCFC1D6CD0}</b:Guid><b:Title>ASN.1 Encoding Control Notation</b:Title><b:URL>http://www.itu.int/rec/T-REC-X.692-200811-I</b:URL><b:StandardNumber>ITU-T X.692</b:StandardNumber><b:Comments>(also known as ITU-T X.692)</b:Comments><b:RefOrder>31</b:RefOrder></b:Source><b:Source><b:Tag>ASN1CER</b:Tag><b:SourceType>DocumentFromInternetSite</b:SourceType><b:Guid>{70569212-0BFE-49DC-BE00-A3BC0F159E51}</b:Guid><b:Title>ASN.1 Canonical Encoding Rules(CER)</b:Title><b:URL>http://www.itu.int/rec/T-REC-X.690-200811-I/en</b:URL><b:RefOrder>32</b:RefOrder></b:Source><b:Source><b:Tag>XSDL2p2</b:Tag><b:SourceType>InternetSite</b:SourceType><b:Guid>{FE0235DA-62DC-455E-BFA8-A8914F2470A7}</b:Guid><b:Author><b:Author><b:Corporate>W3C</b:Corporate></b:Author></b:Author><b:Title>XML Schema Part 2: Datatypes Second Edition</b:Title><b:URL>http://www.w3.org/TR/xmlschema-2/</b:URL><b:Year>2004</b:Year><b:Month>October</b:Month><b:Day>28</b:Day><b:RefOrder>33</b:RefOrder></b:Source><b:Source><b:Tag>OCL</b:Tag><b:SourceType>InternetSite</b:SourceType><b:Guid>{9910B797-E8D9-4B73-B856-D752F27778A3}</b:Guid><b:Title>Object Constraint Language (OCL)</b:Title><b:URL>http://www.omg.org/spec/OCL/2.2/PDF</b:URL><b:Author><b:Author><b:Corporate>OMG - Object Management Group</b:Corporate></b:Author></b:Author><b:RefOrder>34</b:RefOrder></b:Source><b:Source><b:Tag>JSON</b:Tag><b:SourceType>InternetSite</b:SourceType><b:Guid>{7F04818F-0AC9-4701-9EBC-544879921F76}</b:Guid><b:Title>Introducing JSON</b:Title><b:URL>http://www.json.org/</b:URL><b:RefOrder>35</b:RefOrder></b:Source></b:Sources>